CREATE TABLE IF NOT EXISTS `admins` (
  `id` int(11) NOT NULL AUTO_INCREMENT,
  `fio` varchar(150) NOT NULL,
  `email` varchar(150) NOT NULL,
  `login` varchar(20) NOT NULL,
  `password` varchar(20) NOT NULL,
  `access` tinyint(4) NOT NULL,
  PRIMARY KEY (`id`)
) ENGINE=MyISAM  DEFAULT CHARSET=utf8 AUTO_INCREMENT=9 ;
[[;;;]]





INSERT INTO `admins` (`id`, `fio`, `email`, `login`, `password`, `access`) VALUES
(7, 'Гриша', 'ghj@jhg.wqd', 'admin1', 'admin1', 1),
(5, 'Макс', 'ghj@jhg.w', 'admin3', 'admin3', 1),
(6, 'Серж', 'ss@ss.ss12', 'admin4', 'admin4', 1);
[[;;;]]





CREATE TABLE IF NOT EXISTS `admins_rights` (
  `aid` int(11) NOT NULL,
  `module` varchar(20) NOT NULL,
  PRIMARY KEY (`aid`,`module`)
) ENGINE=MyISAM DEFAULT CHARSET=utf8;
[[;;;]]





INSERT INTO `admins_rights` (`aid`, `module`) VALUES
(5, 'engine'),
(7, 'engine');
[[;;;]]





CREATE TABLE IF NOT EXISTS `languages` (
  `key` varchar(2) NOT NULL,
  `active` tinyint(4) NOT NULL,
  `title` varchar(20) NOT NULL,
  PRIMARY KEY (`key`)
) ENGINE=MyISAM DEFAULT CHARSET=utf8;
[[;;;]]





INSERT INTO `languages` (`key`, `active`, `title`) VALUES
('ru', 1, 'Русский'),
('ua', 1, 'Українська'),
('en', 1, 'English');
[[;;;]]





CREATE TABLE IF NOT EXISTS `languages_titles` (
  `var` varchar(50) NOT NULL,
  `key` varchar(2) NOT NULL,
  `val` varchar(300) NOT NULL,
  PRIMARY KEY (`var`,`key`)
) ENGINE=MyISAM DEFAULT CHARSET=utf8;
[[;;;]]





INSERT INTO `languages_titles` (`var`, `key`, `val`) VALUES
('bread_home', 'ru', 'Главная'),
('titles_footerWWcms', 'ru', 'WWcms v1.0'),
('titles_footerCopy', 'ru', 'Все права защищены © 2015 Фонд імені Людмили Павліченко'),
('errors_moduleFiles', 'ru', 'Критическая ошибка! Невозможно подключить модуль "%s", проверьте файлы: /modules/%s/model.php, /modules/%s/controller.php, /modules/%s/template.tpl.'),
('errors_moduleOff', 'ru', 'Критическая ошибка! Модуль "%s" не активен.'),
('errors_action', 'ru', 'Ошибка! Такой страницы не существует.'),
('js_buttons_cancel', 'ru', 'Отмена'),
('js_buttons_close', 'ru', 'Закрыть'),
('js_buttons_delete', 'ru', 'Удалить'),
('js_buttons_ok', 'ru', 'OK'),
('js_errors_fieldEmpty', 'ru', 'Ошибка! Не заполнено одно из обязательных полей.'),
('js_errors_filterEmpty', 'ru', 'Ошибка! Не заполнены некоторые поля фильтров.'),
('js_buttons_send', 'ru', 'Отправить'),
('js_datePicker_closeText', 'ru', 'Закрыть'),
('js_datePicker_prevText', 'ru', 'Назад'),
('js_datePicker_nextText', 'ru', 'Вперед'),
('js_datePicker_currentText', 'ru', 'Сегодня'),
('js_datePicker_monthNames_1', 'ru', 'Январь'),
('js_datePicker_monthNames_2', 'ru', 'Февраль'),
('js_datePicker_monthNames_3', 'ru', 'Март'),
('js_datePicker_monthNames_4', 'ru', 'Апрель'),
('js_datePicker_monthNames_5', 'ru', 'Май'),
('js_datePicker_monthNames_6', 'ru', 'Июнь'),
('js_datePicker_monthNames_7', 'ru', 'Июль'),
('js_datePicker_monthNames_8', 'ru', 'Август'),
('js_datePicker_monthNames_9', 'ru', 'Сентябрь'),
('js_datePicker_monthNames_10', 'ru', 'Октябрь'),
('js_datePicker_monthNames_11', 'ru', 'Ноябрь'),
('js_datePicker_monthNames_12', 'ru', 'Декабрь'),
('js_datePicker_monthNamesShort_1', 'ru', 'Янв'),
('js_datePicker_monthNamesShort_2', 'ru', 'Фев'),
('js_datePicker_monthNamesShort_3', 'ru', 'Мар'),
('js_datePicker_monthNamesShort_4', 'ru', 'Апр'),
('js_datePicker_monthNamesShort_5', 'ru', 'Май'),
('js_datePicker_monthNamesShort_6', 'ru', 'Июн'),
('js_datePicker_monthNamesShort_7', 'ru', 'Июл'),
('js_datePicker_monthNamesShort_8', 'ru', 'Авг'),
('js_datePicker_monthNamesShort_9', 'ru', 'Сен'),
('js_datePicker_monthNamesShort_10', 'ru', 'Окт'),
('js_datePicker_monthNamesShort_11', 'ru', 'Ноя'),
('js_datePicker_monthNamesShort_12', 'ru', 'Дек'),
('js_datePicker_dayNames_1', 'ru', 'Воскресенье'),
('js_datePicker_dayNames_2', 'ru', 'Понедельник'),
('js_datePicker_dayNames_3', 'ru', 'Вторник'),
('js_datePicker_dayNames_4', 'ru', 'Среда'),
('js_datePicker_dayNames_5', 'ru', 'Четверг'),
('js_datePicker_dayNames_6', 'ru', 'Пятница'),
('js_datePicker_dayNames_7', 'ru', 'Суббота'),
('js_datePicker_dayNamesShort_1', 'ru', 'вск'),
('js_datePicker_dayNamesShort_2', 'ru', 'пнд'),
('js_datePicker_dayNamesShort_3', 'ru', 'втр'),
('js_datePicker_dayNamesShort_4', 'ru', 'срд'),
('js_datePicker_dayNamesShort_5', 'ru', 'чтв'),
('js_datePicker_dayNamesShort_6', 'ru', 'птн'),
('js_datePicker_dayNamesShort_7', 'ru', 'сбт'),
('js_datePicker_dayNamesMin_1', 'ru', 'Вс'),
('js_datePicker_dayNamesMin_2', 'ru', 'Пн'),
('js_datePicker_dayNamesMin_3', 'ru', 'Вт'),
('js_datePicker_dayNamesMin_4', 'ru', 'Ср'),
('js_datePicker_dayNamesMin_5', 'ru', 'Чт'),
('js_datePicker_dayNamesMin_6', 'ru', 'Пт'),
('js_datePicker_dayNamesMin_7', 'ru', 'Сб'),
('bread_home', 'ua', 'Головна'),
('bread_home', 'en', 'Home'),
('titles_footerWWcms', 'ua', 'WWcms v1.0'),
('titles_footerWWcms', 'en', 'WWcms v1.0'),
('titles_footerCopy', 'ua', 'Всі права захищені © 2015 Фонд імені Людмили Павліченко'),
('titles_footerCopy', 'en', 'All rights reserved © 2015 Фонд імені Людмили Павліченко'),
('buttons_delete', 'ru', 'Удалить'),
('buttons_delete', 'en', 'Delete'),
('buttons_enter', 'ru', 'Войти'),
('buttons_exit', 'ru', 'Выход'),
('buttons_change', 'ua', 'Змінити'),
('buttons_change', 'ru', 'Изменить'),
('buttons_registration', 'ru', 'Зарегистрироваться'),
('buttons_remindPass', 'ru', 'Напомнить пароль'),
('buttons_change', 'en', 'Change'),
('buttons_cancel', 'en', 'Cancel'),
('errors_uploadFile', 'ru', 'Ошибка! Вы не выбрали файл для загрузки.'),
('errors_typeFile', 'ru', 'Ошибка! Невозможно загрузить файл даного типа.'),
('errors_search', 'ru', 'Ошибка! Не заполнено поле поиска.'),
('errors_photoXY', 'ru', 'Ошибка! Размеры загружаемой картинки превышают допустимые.'),
('search_email', 'ru', 'искать по E-mail'),
('search_fio', 'ru', 'искать по ФИО'),
('search_login', 'ru', 'искать по логину'),
('search_title', 'ru', 'искать по названию'),
('table_comment', 'ru', 'Комментарий'),
('table_cost', 'ru', 'Стоимость'),
('table_count', 'ru', 'Количество'),
('table_date', 'en', 'Date'),
('table_number', 'ru', 'Номер'),
('table_pc', 'ru', 'Шт.'),
('table_price', 'ru', 'Цена'),
('table_sum', 'ru', 'Сумма'),
('table_title', 'ru', 'Название'),
('table_btnAdd', 'ru', 'Добавить'),
('table_btnDel', 'ru', 'Удалить'),
('table_btnEdit', 'ru', 'Редактировать'),
('buttons_cancel', 'ua', 'Відмінити'),
('buttons_exit', 'ua', 'Вихід'),
('buttons_cancel', 'ru', 'Отменить'),
('search_attribute', 'ru', 'искать по атрибуту'),
('search_brand', 'ru', 'искать по бренду'),
('search_category', 'ru', 'искать по категории'),
('search_code', 'ru', 'искать по коду'),
('search_manufacturer', 'ru', 'искать по производителю'),
('search_message', 'ru', 'искать по сообщению'),
('search_model', 'ru', 'искать по модели'),
('search_review', 'ru', 'искать по отзыву'),
('search_value', 'ru', 'искать по значению'),
('table_btnAccess', 'ru', 'Доступ'),
('table_btnAuth', 'ru', 'Показывать без авторизации'),
('table_btnDown', 'en', 'Move down'),
('table_btnHome', 'ru', 'На главной'),
('table_btnLeft', 'ru', 'Двигать влево'),
('table_btnMessage', 'ru', 'Написать сообщение'),
('table_btnOauth', 'ru', 'Вкл/Выкл авторизацию через эту сеть'),
('table_btnPublic', 'ru', 'Показывать/Не показывать'),
('table_btnRight', 'ru', 'Двигать вправо'),
('table_btnRole', 'ru', 'Сменить роль'),
('table_btnUp', 'en', 'Move up'),
('titles_adminka', 'ru', 'Админка'),
('titles_footerAdm', 'ru', 'WWcms v1.0 разработана Лысенко А.В.'),
('titles_footerLink', 'ru', 'WWorks.com.ua'),
('titles_admPanel', 'ru', 'Панель администратора сайта "%s"'),
('table_actions', 'ru', 'Действия'),
('table_attribute', 'ru', 'Атрибут'),
('table_cash', 'ru', 'Касса'),
('table_code', 'ru', 'Код'),
('table_content', 'ru', 'Контент'),
('table_dateBegin', 'ru', 'Дата начала'),
('table_dateEnd', 'ru', 'Дата окончания'),
('table_email', 'ru', 'E-mail'),
('table_fio', 'ru', 'ФИО'),
('table_id', 'ru', 'ID'),
('table_image', 'ru', 'Изображение'),
('table_link', 'ru', 'Ссылка'),
('table_login', 'ru', 'Логин'),
('table_mark', 'ru', 'Пометка'),
('table_message', 'ru', 'Сообщение'),
('table_model', 'ru', 'Модель'),
('table_name', 'ru', 'Имя'),
('table_password', 'ru', 'Пароль'),
('table_phone', 'ru', 'Телефон'),
('table_place', 'ru', 'Место'),
('table_profit', 'ru', 'Прибыль'),
('table_review', 'ru', 'Отзыв'),
('table_status', 'ru', 'Статус'),
('table_time', 'ru', 'Время'),
('table_type', 'ru', 'Тип'),
('table_user', 'ru', 'Пользователь'),
('table_value', 'ru', 'Значение'),
('titles_admPanel', 'ua', 'Панель адміністратора сайту "%s"'),
('titles_admPanel', 'en', 'Site Admin Panel "%s"'),
('titles_footerAdm', 'ua', 'WWcms v1.0 розроблена Лисенко А.В.'),
('titles_footerAdm', 'en', 'WWcms v1.0 designed by Lysenko A.V.'),
('titles_footerLink', 'ua', 'WWorks.com.ua'),
('titles_footerLink', 'en', 'WWorks.com.ua'),
('buttons_exit', 'en', 'Exit'),
('errors_moduleAccess', 'ru', 'Критическая ошибка! У вас нет доступа к этому модулю.'),
('buttons_enter', 'ua', 'Увійти'),
('buttons_enter', 'en', 'Log in'),
('adm_leftMenu_settings', 'ru', 'Настройки'),
('adm_leftMenu_settings1', 'ru', 'данные администратора'),
('adm_leftMenu_settings2', 'ru', 'настройки сайта'),
('adm_leftMenu_settings3', 'ua', 'список модулів'),
('adm_leftMenu_admins', 'ru', 'Админы'),
('adm_leftMenu_admins1', 'ru', 'список админов'),
('adm_leftMenu_admins2', 'ru', 'добавить админа'),
('adm_leftMenu_settings', 'ua', 'Налаштування'),
('adm_leftMenu_settings1', 'ua', 'дані адміністратора'),
('adm_leftMenu_settings2', 'ua', 'настройки сайту'),
('done_moduleInstalled', 'ua', 'Готово! Модуль успішно встановлено.'),
('adm_leftMenu_settings3', 'en', 'modules list'),
('adm_leftMenu_admins', 'ua', 'Адміни'),
('adm_leftMenu_admins1', 'ua', 'список адмінів'),
('adm_leftMenu_admins2', 'ua', 'додати адміна'),
('adm_leftMenu_settings', 'en', 'Settings'),
('adm_leftMenu_settings1', 'en', 'data administrator'),
('adm_leftMenu_settings2', 'en', 'site settings'),
('adm_leftMenu_settings3', 'ru', 'список модулей'),
('adm_leftMenu_admins', 'en', 'Admins'),
('adm_leftMenu_admins1', 'en', 'admins list'),
('adm_leftMenu_admins2', 'en', 'add admin'),
('errors_moduleAccess', 'ua', 'Критична помилка! У вас немає доступу до цього модуля.'),
('errors_moduleAccess', 'en', 'Fatal Error! You do not have access to this module.'),
('errors_action', 'ua', 'Помилка! Такої сторінки не існує.'),
('errors_action', 'en', 'Error! This page does not exist.'),
('search_descr', 'ru', 'искать по описанию'),
('js_ask_delItem', 'ru', 'Внимание! Вы уверены, что хотите удалить этот элемент?'),
('done_saveData', 'ua', 'Готово! Дані успішно збережені.'),
('done_saveData', 'ru', 'Готово! Данные успешно сохранены.'),
('search_title', 'ua', 'шукати за назвою'),
('search_title', 'en', 'search by title'),
('js_errors_filterEmpty', 'ua', 'Помилка! Не заповнені деякі поля фільтрів.'),
('js_errors_filterEmpty', 'en', 'Error! Not filled in some of the fields filters.'),
('table_title', 'ua', 'Назва'),
('table_title', 'en', 'Title'),
('table_id', 'ua', 'ID'),
('table_id', 'en', 'ID'),
('table_actions', 'ua', 'Дії'),
('table_actions', 'en', 'Actions'),
('form_login', 'ru', 'Логин:'),
('form_login', 'ua', 'Логін:'),
('form_login', 'en', 'Login:'),
('form_password', 'ru', 'Пароль:'),
('form_password', 'ua', 'Пароль:'),
('form_password', 'en', 'Password:'),
('js_errors_fieldEmpty', 'ua', 'Помилка! Не заповнене одне з обов''язкових полів.'),
('js_errors_fieldEmpty', 'en', 'Error! Not filled one of the required fields.'),
('js_ask_delItem', 'ua', 'Увага! Ви впевнені, що хочете видалити цей елемент?'),
('js_ask_delItem', 'en', 'Attention! Are you sure you want to delete this item?'),
('table_btnPublic', 'ua', 'Відображати / Не відображати'),
('table_btnPublic', 'en', 'Show / Hide'),
('table_btnEdit', 'ua', 'Редагувати'),
('table_btnEdit', 'en', 'Edit'),
('table_btnDel', 'ua', 'Видалити'),
('table_btnDel', 'en', 'Delete'),
('form_title', 'ru', 'Название:'),
('form_title', 'ua', 'Назва:'),
('form_title', 'en', 'Title:'),
('form_descr', 'ru', 'Описание:'),
('form_descr', 'ua', 'Опис:'),
('form_descr', 'en', 'Description:'),
('form_keywords', 'ru', 'Ключевые слова:'),
('form_keywords', 'ua', 'Ключові слова:'),
('form_keywords', 'en', 'Keywords:'),
('form_content', 'ru', 'Содержание:'),
('form_content', 'ua', 'Зміст:'),
('form_content', 'en', 'Content:'),
('done_saveData', 'en', 'Done! Data saved successfully.'),
('errors_fieldEmpty', 'ru', 'Ошибка! Не заполнено одно из обязательных полей.'),
('errors_fieldEmpty', 'ua', 'Помилка! Не заповнене одне з обов''язкових полів.'),
('errors_fieldEmpty', 'en', 'Error! Not filled one of the required fields.'),
('table_fio', 'ua', 'ПІБ'),
('table_fio', 'en', 'Name'),
('table_login', 'ua', 'Логін'),
('table_login', 'en', 'Login'),
('table_email', 'ua', 'E-mail'),
('table_email', 'en', 'E-mail'),
('table_password', 'ua', 'Пароль'),
('table_password', 'en', 'Password'),
('form_fio', 'ru', 'ФИО:'),
('form_fio', 'ua', 'ПІБ:'),
('form_fio', 'en', 'Name:'),
('form_email', 'ru', 'E-mail:'),
('form_email', 'ua', 'E-mail:'),
('form_email', 'en', 'E-mail:'),
('errors_fieldEmail', 'ru', 'Ошибка! Некорректно введен E-mail, он должен соответствовать стандартному шаблону электронных адресов.'),
('errors_fieldEmail', 'ua', 'Помилка! Некоректно введений E-mail, він повинен відповідати стандартному шаблону електронних адрес.'),
('errors_fieldEmail', 'en', 'Error! Incorrectly entered E-mail, it must conform to a standard template emails.'),
('form_rights', 'ru', 'Права:'),
('form_rights', 'ua', 'Права:'),
('form_rights', 'en', 'Rights:'),
('errors_isLogin', 'ru', 'Ошибка! Этот логин уже занят, используйте другой.'),
('errors_isLogin', 'ua', 'Помилка! Цей логін вже зайнятий, використайте інший.'),
('errors_isLogin', 'en', 'Error! This username is already taken, try another.'),
('form_domain', 'ru', 'Домен:'),
('form_domain', 'ua', 'Домен:'),
('form_domain', 'en', 'Domain:'),
('form_url', 'ru', 'URL::'),
('form_url', 'ua', 'URL:'),
('form_url', 'en', 'URL:'),
('form_phone', 'ru', 'Телефон:'),
('form_phone', 'ua', 'Телефон:'),
('form_phone', 'en', 'Phone:'),
('adm_leftMenu_settings6', 'ru', 'добавить язык'),
('adm_leftMenu_settings5', 'en', 'languages list'),
('adm_leftMenu_settings5', 'ua', 'список мов'),
('adm_leftMenu_settings5', 'ru', 'список языков'),
('done_moduleInstalled', 'ru', 'Готово! Модуль успешно установлен.'),
('form_link', 'ru', 'Ссылка:'),
('form_link', 'ua', 'Посилання:'),
('form_link', 'en', 'Link:'),
('js_buttons_close', 'ua', 'Закрити'),
('js_buttons_close', 'en', 'Close'),
('adm_leftMenu_settings6', 'ua', 'додати мову'),
('adm_leftMenu_settings6', 'en', 'add language'),
('adm_leftMenu_settings7', 'ru', 'список надписей'),
('adm_leftMenu_settings7', 'ua', 'список написів'),
('adm_leftMenu_settings7', 'en', 'titles list'),
('adm_leftMenu_settings8', 'ru', 'добавить надпись'),
('adm_leftMenu_settings8', 'ua', 'додати напис'),
('adm_leftMenu_settings8', 'en', 'add title'),
('js_titles_error', 'ru', 'Ошибка!'),
('js_titles_error', 'ua', 'Помилка!'),
('js_titles_error', 'en', 'Error!'),
('errors_fieldLogin', 'ru', 'Ошибка! Некорректно введен логин, он может состоять из латинских букв, цифр, знака подчеркивания, собаки, точки и тире.'),
('errors_fieldLogin', 'ua', 'Помилка! Некоректно введений логін, він може складатися з латинських букв, цифр, знаку підкреслення, собаки, крапки і тире.'),
('errors_fieldLogin', 'en', 'Error! Incorrectly entered nickname, it can consist of letters, digits, underscore, dogs, dots and dashes.'),
('errors_isEmail', 'ru', 'Ошибка! Этот E-mail уже занят, используйте другой.'),
('errors_isEmail', 'en', 'Error! This E-mail is already taken, try another.'),
('errors_isEmail', 'ua', 'Помилка! Цей E-mail вже зайнятий, використайте інший.'),
('table_descr', 'ru', 'Описание'),
('table_descr', 'ua', 'Опис'),
('table_descr', 'en', 'Description'),
('table_btnActive', 'ru', 'Вкл / Выкл'),
('table_btnActive', 'ua', 'Вкл / Викл'),
('table_btnActive', 'en', 'On / Off'),
('titles_installed', 'ru', 'Установленные'),
('titles_installed', 'ua', 'Встановлені'),
('titles_installed', 'en', 'Installed '),
('titles_notinstalled', 'ru', 'Не установленные'),
('titles_notinstalled', 'ua', 'Не встановлені'),
('titles_notinstalled', 'en', 'Not installed'),
('done_moduleInstalled', 'en', 'Done! The module is successfully installed.'),
('titles_siteOffMsg', 'ru', 'ВНИМАНИЕ! Сайт работает в режиме отладки!'),
('titles_siteOffMsg', 'ua', 'УВАГА! Сайт працює в режимі налагодження!'),
('titles_siteOffMsg', 'en', 'WARNING! The site is in debug mode!'),
('adm_leftMenu_pages', 'ru', 'Статьи'),
('adm_leftMenu_pages', 'ua', 'Статті'),
('adm_leftMenu_pages', 'en', 'Pages'),
('adm_leftMenu_pages1', 'ru', 'список статей'),
('adm_leftMenu_pages1', 'ua', 'список статей'),
('adm_leftMenu_pages1', 'en', 'pages list'),
('adm_leftMenu_pages2', 'ru', 'добавить статью'),
('adm_leftMenu_pages2', 'ua', 'додати статтю'),
('adm_leftMenu_pages2', 'en', 'add page'),
('table_flag', 'ru', 'Флаг'),
('table_flag', 'ua', 'Прапор'),
('table_flag', 'en', 'Flag'),
('table_name', 'ua', 'Ім''я'),
('table_code', 'en', 'Code'),
('table_code', 'ua', 'Код'),
('table_btnAccess', 'ua', 'Доступ'),
('done_delItem', 'ru', 'Готово! Элемент успешно удален.'),
('done_delItem', 'ua', 'Готово! Елемент успішно видалено.'),
('done_delItem', 'en', 'Done! Element removed successfully.'),
('form_code', 'ru', 'Код:'),
('form_code', 'ua', 'Код:'),
('form_code', 'en', 'Code:'),
('errors_isLang', 'ru', 'Ошибка! Такой язык уже существует.'),
('errors_isLang', 'ua', 'Помилка! Така мова вже існує.'),
('errors_isLang', 'en', 'Error! Such a language already exists.'),
('table_lang', 'ru', 'Язык'),
('table_lang', 'ua', 'Мова'),
('table_lang', 'en', 'Language'),
('table_value', 'en', 'Value'),
('table_value', 'ua', 'Значення'),
('form_table', 'ru', 'Таблица:'),
('form_table', 'ua', 'Таблиця:'),
('form_table', 'en', 'Table:'),
('adm_leftMenu_utilities', 'en', 'Utilities'),
('titles_title', 'ua', 'Напис'),
('errors_fieldVar', 'ru', 'Ошибка! Значение поля код должно начинаться с латинской буквы и может содержать только латинские буквы, цифры и знак подчеркивания. Значение должно быть больше двух символов.'),
('errors_fieldVar', 'ua', 'Помилка! Значення поля код має починатися з латинської букви і може містити тільки латинські букви, цифри і знак підкреслення. Значення має бути більше двох символів.'),
('errors_fieldVar', 'en', 'Error! Code field value must begin with a letter and can contain only letters, numbers and underscores. The value must be greater than two characters.'),
('errors_isVar', 'ru', 'Ошибка! Такое значение поля код уже используется в БД.'),
('errors_isVar', 'ua', 'Помилка! Таке значення поля код вже використовується в БД.'),
('errors_isVar', 'en', 'Error! This field value is the code used in the database.'),
('titles_title', 'ru', 'Надпись'),
('titles_title', 'en', 'Title'),
('adm_leftMenu_utilities', 'ru', 'Утилиты'),
('adm_leftMenu_utilities', 'ua', 'Утиліти'),
('adm_leftMenu_utilities1', 'en', 'utility "PhpInfo"'),
('adm_leftMenu_utilities1', 'ru', 'утилита "PhpInfo"'),
('adm_leftMenu_utilities1', 'ua', 'утиліта "PhpInfo"'),
('adm_leftMenu_utilities2', 'en', 'utility "Dumper"'),
('adm_leftMenu_utilities2', 'ru', 'утилита "Dumper"'),
('adm_leftMenu_utilities2', 'ua', 'утиліта "Dumper"'),
('adm_leftMenu_utilities3', 'en', 'utility "Chmod"'),
('adm_leftMenu_utilities3', 'ru', 'утилита "Chmod"'),
('adm_leftMenu_utilities3', 'ua', 'утиліта "Chmod"'),
('adm_leftMenu_menu', 'en', 'Menu'),
('adm_leftMenu_menu', 'ru', 'Меню'),
('adm_leftMenu_menu', 'ua', 'Меню'),
('adm_leftMenu_menu1', 'en', 'menu items list'),
('adm_leftMenu_menu1', 'ru', 'список пунктов меню'),
('adm_leftMenu_menu1', 'ua', 'список пунктів меню'),
('adm_leftMenu_menu2', 'en', 'add menu item'),
('adm_leftMenu_menu2', 'ru', 'добавить пункт меню'),
('adm_leftMenu_menu2', 'ua', 'додати пункт меню'),
('form_parentCat', 'en', 'Parent category:'),
('form_parentCat', 'ru', 'Родительская категория:'),
('form_parentCat', 'ua', 'Батьківська категорія:'),
('titles_rootCat', 'en', 'Root category'),
('titles_rootCat', 'ru', 'Корневая категория'),
('titles_rootCat', 'ua', 'Коренева категорія'),
('errors_depthMax', 'en', 'Error! The maximum level of nesting, you can not create a child element of the selected element.'),
('errors_depthMax', 'ru', 'Ошибка! Достигнут максимальный уровень вложенности, вы не можете создать дочерний элемент у выбранного элемента.'),
('errors_depthMax', 'ua', 'Помилка! Досягнутий максимальний рівень вкладеності, ви не можете створити дочірній елемент у обраного елемента.'),
('adm_leftMenu_slider', 'en', 'Slider'),
('adm_leftMenu_slider', 'ru', 'Слайдер'),
('adm_leftMenu_slider', 'ua', 'Слайдер'),
('adm_leftMenu_slider1', 'en', 'pictures list'),
('adm_leftMenu_slider1', 'ru', 'список картинок'),
('adm_leftMenu_slider1', 'ua', 'список картинок'),
('adm_leftMenu_slider2', 'en', 'add picture'),
('adm_leftMenu_slider2', 'ru', 'добавить картинку'),
('adm_leftMenu_slider2', 'ua', 'додати картинку'),
('form_picture', 'en', 'Picture:'),
('form_picture', 'ru', 'Картинка:'),
('form_picture', 'ua', 'Картинка:'),
('errors_dirSlider', 'en', 'Error! Folder for images slider "/upload/slider" is not found.'),
('errors_dirSlider', 'ru', 'Ошибка! Папка для картинок слайдера "/upload/slider" не найдена.'),
('errors_dirSlider', 'ua', 'Помилка! Папка для картинок слайдера "/upload/slider" не знайдена.'),
('adm_leftMenu_news', 'en', 'News'),
('adm_leftMenu_news', 'ru', 'Новости'),
('adm_leftMenu_news', 'ua', 'Новини'),
('adm_leftMenu_news1', 'en', 'news list'),
('adm_leftMenu_news1', 'ru', 'список новостей'),
('adm_leftMenu_news1', 'ua', 'список новин'),
('adm_leftMenu_news2', 'en', 'add news'),
('adm_leftMenu_news2', 'ru', 'добавить новость'),
('adm_leftMenu_news2', 'ua', 'додати новину'),
('form_date', 'en', 'Date:'),
('form_date', 'ru', 'Дата:'),
('form_date', 'ua', 'Дата:'),
('search_descr', 'ua', 'шукати за описом'),
('table_btnHome', 'ua', 'На головній'),
('search_descr', 'en', 'search by description'),
('table_btnHome', 'en', 'On homepage'),
('table_name', 'en', 'Name'),
('form_dateFrom', 'en', 'From:'),
('form_dateFrom', 'ru', 'С:'),
('form_dateFrom', 'ua', 'З:'),
('form_dateTo', 'en', 'To:'),
('form_dateTo', 'ru', 'По:'),
('form_dateTo', 'ua', 'По:'),
('adm_leftMenu_photos', 'en', 'Photo Gallery'),
('adm_leftMenu_photos', 'ru', 'Фотогалерея'),
('adm_leftMenu_photos', 'ua', 'Фотогалерея'),
('adm_leftMenu_photos1', 'en', 'categories list'),
('adm_leftMenu_photos1', 'ru', 'список категорий'),
('adm_leftMenu_photos1', 'ua', 'список категорій'),
('adm_leftMenu_photos2', 'en', 'add category'),
('adm_leftMenu_photos2', 'ru', 'добавить категорию'),
('adm_leftMenu_photos2', 'ua', 'додати категорію'),
('adm_leftMenu_photos3', 'en', 'photos list'),
('adm_leftMenu_photos3', 'ru', 'список фото'),
('adm_leftMenu_photos3', 'ua', 'список фото'),
('adm_leftMenu_photos4', 'en', 'add photo'),
('adm_leftMenu_photos4', 'ru', 'добавить фото'),
('adm_leftMenu_photos4', 'ua', 'додати фото'),
('errors_catsStructure', 'en', 'Error! You can not add a category in self or in its own subsidiaries.'),
('errors_catsStructure', 'ru', 'Ошибка! Вы не можете добавить категорию в себя, или в собственные дочерние подкатегории.'),
('errors_catsStructure', 'ua', 'Помилка! Ви не можете додати категорію в себе, чи у власні дочірні підкатегорії.'),
('form_category', 'en', 'Category:'),
('form_category', 'ru', 'Категория:'),
('form_category', 'ua', 'Категорія:'),
('errors_dirPhotos', 'en', 'Error! Folder for images photo gallery "/upload/photos" is not found.'),
('errors_dirPhotos', 'ru', 'Ошибка! Папка для картинок фотогалереи "/upload/photos" не найдена.'),
('errors_dirPhotos', 'ua', 'Помилка! Папка для картинок фотогалереї "/upload/photos" не знайдена.'),
('titles_all', 'en', 'All'),
('titles_all', 'ru', 'Все'),
('titles_all', 'ua', 'Всі'),
('adm_leftMenu_users', 'en', 'Users'),
('adm_leftMenu_users', 'ru', 'Пользователи'),
('adm_leftMenu_users', 'ua', 'Користувачі'),
('adm_leftMenu_users1', 'en', 'users list'),
('adm_leftMenu_users1', 'ru', 'список пользователей'),
('adm_leftMenu_users1', 'ua', 'список користувачів'),
('adm_leftMenu_users2', 'en', 'add user'),
('adm_leftMenu_users2', 'ru', 'добавить пользователя'),
('adm_leftMenu_users2', 'ua', 'додати користувача'),
('form_type', 'en', 'Type:'),
('form_type', 'ru', 'Тип:'),
('form_type', 'ua', 'Тип:'),
('form_choose', 'en', '- choose -'),
('form_choose', 'ru', '- выберите -'),
('form_choose', 'ua', '- виберіть -'),
('buttons_registration', 'ua', 'Зареєструватися'),
('buttons_registration', 'en', 'Sign up'),
('js_buttons_ok', 'ua', 'OK'),
('js_buttons_ok', 'en', 'OK'),
('buttons_remindPass', 'ua', 'Нагадати пароль'),
('buttons_remindPass', 'en', 'Forgot password'),
('titles_ru', 'en', 'Рус'),
('titles_ru', 'ru', 'Рус'),
('titles_ru', 'ua', 'Рус'),
('titles_ua', 'en', 'Укр'),
('titles_ua', 'ru', 'Укр'),
('titles_ua', 'ua', 'Укр'),
('titles_en', 'en', 'Eng'),
('titles_en', 'ru', 'Eng'),
('titles_en', 'ua', 'Eng'),
('buttons_delete', 'ua', 'Видалити'),
('buttons_login', 'en', 'Login'),
('buttons_login', 'ru', 'Войти'),
('buttons_login', 'ua', 'Увійти'),
('buttons_logout', 'en', 'Logout'),
('buttons_logout', 'ru', 'Выйти'),
('buttons_logout', 'ua', 'Вийти'),
('buttons_ok', 'en', 'OK'),
('buttons_ok', 'ru', 'ОК'),
('buttons_ok', 'ua', 'ОК'),
('buttons_save', 'en', 'Save'),
('buttons_save', 'ru', 'Сохранить'),
('buttons_save', 'ua', 'Зберегти'),
('buttons_saveFile', 'en', 'Save file'),
('buttons_saveFile', 'ru', 'Сохранить файл'),
('buttons_saveFile', 'ua', 'Зберегти файл'),
('buttons_search', 'en', 'Search'),
('buttons_search', 'ru', 'Искать'),
('buttons_search', 'ua', 'Шукати'),
('buttons_show', 'en', 'Show'),
('buttons_show', 'ru', 'Показать'),
('buttons_show', 'ua', 'Показати'),
('buttons_submit', 'en', 'Submit'),
('buttons_submit', 'ru', 'Отправить'),
('buttons_submit', 'ua', 'Відправити'),
('table_date', 'ru', 'Дата'),
('table_date', 'ua', 'Дата'),
('table_btnDown', 'ru', 'Двигать вниз'),
('table_btnDown', 'ua', 'Змістити вниз'),
('table_btnUp', 'ru', 'Двигать вверх'),
('table_btnUp', 'ua', 'Зсунути доверху'),
('js_datePicker_closeText', 'ua', 'Закрити'),
('js_datePicker_currentText', 'ua', 'Сьогодні'),
('js_datePicker_nextText', 'ua', 'Вперед'),
('js_datePicker_prevText', 'ua', 'Назад'),
('js_datePicker_dayNamesMin_1', 'ua', 'Нд'),
('js_datePicker_dayNamesMin_2', 'ua', 'Пн'),
('js_datePicker_dayNamesMin_3', 'ua', 'Вт'),
('js_datePicker_dayNamesMin_4', 'ua', 'Ср'),
('js_datePicker_dayNamesMin_5', 'ua', 'Чт'),
('js_datePicker_dayNamesMin_6', 'ua', 'Пт'),
('js_datePicker_dayNamesMin_7', 'ua', 'Сб'),
('js_datePicker_dayNamesShort_1', 'ua', 'ндл'),
('js_datePicker_dayNamesShort_2', 'ua', 'пнд'),
('js_datePicker_dayNamesShort_3', 'ua', 'втр'),
('js_datePicker_dayNamesShort_4', 'ua', 'срд'),
('js_datePicker_dayNamesShort_5', 'ua', 'чтв'),
('js_datePicker_dayNamesShort_6', 'ua', 'птн'),
('js_datePicker_dayNamesShort_7', 'ua', 'сбт'),
('js_datePicker_dayNames_1', 'ua', 'Неділя'),
('js_datePicker_dayNames_2', 'ua', 'Понеділок'),
('js_datePicker_dayNames_3', 'ua', 'Вівторок'),
('js_datePicker_dayNames_4', 'ua', 'Середа'),
('js_datePicker_dayNames_5', 'ua', 'Четвер'),
('js_datePicker_dayNames_6', 'ua', 'П''ятниця'),
('js_datePicker_dayNames_7', 'ua', 'Субота'),
('js_datePicker_monthNamesShort_1', 'ua', 'Січ'),
('js_datePicker_monthNamesShort_2', 'ua', 'Лют'),
('js_datePicker_monthNamesShort_3', 'ua', 'Бер'),
('js_datePicker_monthNamesShort_4', 'ua', 'Кві'),
('js_datePicker_monthNamesShort_5', 'ua', 'Тра'),
('js_datePicker_monthNamesShort_6', 'ua', 'Чер'),
('js_datePicker_monthNamesShort_7', 'ua', 'Лип'),
('js_datePicker_monthNamesShort_8', 'ua', 'Сер'),
('js_datePicker_monthNamesShort_9', 'ua', 'Вер'),
('js_datePicker_monthNamesShort_10', 'ua', 'Жов'),
('js_datePicker_monthNamesShort_11', 'ua', 'Лис'),
('js_datePicker_monthNamesShort_12', 'ua', 'Гру'),
('js_datePicker_monthNames_1', 'ua', 'Січень'),
('js_datePicker_monthNames_2', 'ua', 'Лютий'),
('js_datePicker_monthNames_3', 'ua', 'Березень'),
('js_datePicker_monthNames_4', 'ua', 'Квітень'),
('js_datePicker_monthNames_5', 'ua', 'Травень'),
('js_datePicker_monthNames_6', 'ua', 'Червень'),
('js_datePicker_monthNames_7', 'ua', 'Липень'),
('js_datePicker_monthNames_8', 'ua', 'Серпень'),
('js_datePicker_monthNames_9', 'ua', 'Вересень'),
('js_datePicker_monthNames_10', 'ua', 'Жовтень'),
('js_datePicker_monthNames_11', 'ua', 'Листопад'),
('js_datePicker_monthNames_12', 'ua', 'Грудень'),
('js_datePicker_closeText', 'en', 'Close'),
('js_datePicker_currentText', 'en', 'Today'),
('js_datePicker_nextText', 'en', 'Next'),
('js_datePicker_prevText', 'en', 'Prev'),
('js_datePicker_dayNamesMin_1', 'en', 'Sn'),
('js_datePicker_dayNamesMin_2', 'en', 'Mn'),
('js_datePicker_dayNamesMin_3', 'en', 'Tu'),
('js_datePicker_dayNamesMin_4', 'en', 'We'),
('js_datePicker_dayNamesMin_5', 'en', 'Th'),
('js_datePicker_dayNamesMin_6', 'en', 'Fr'),
('js_datePicker_dayNamesMin_7', 'en', 'Sa'),
('js_datePicker_dayNamesShort_1', 'en', 'sun'),
('js_datePicker_dayNamesShort_2', 'en', 'mon'),
('js_datePicker_dayNamesShort_3', 'en', 'tue'),
('js_datePicker_dayNamesShort_4', 'en', 'wed'),
('js_datePicker_dayNamesShort_5', 'en', 'thu'),
('js_datePicker_dayNamesShort_6', 'en', 'fri'),
('js_datePicker_dayNamesShort_7', 'en', 'sat'),
('js_datePicker_dayNames_1', 'en', 'Sunday'),
('js_datePicker_dayNames_2', 'en', 'Monday'),
('js_datePicker_dayNames_3', 'en', 'Tuesday'),
('js_datePicker_dayNames_4', 'en', 'Wednesday'),
('js_datePicker_dayNames_5', 'en', 'Thurthday'),
('js_datePicker_dayNames_6', 'en', 'Friday'),
('js_datePicker_dayNames_7', 'en', 'Saturday'),
('js_datePicker_monthNamesShort_1', 'en', 'Jan'),
('js_datePicker_monthNamesShort_2', 'en', 'Feb'),
('js_datePicker_monthNamesShort_3', 'en', 'Mar'),
('js_datePicker_monthNamesShort_4', 'en', 'Apr'),
('js_datePicker_monthNamesShort_5', 'en', 'May'),
('js_datePicker_monthNamesShort_6', 'en', 'Jun'),
('js_datePicker_monthNamesShort_7', 'en', 'Jul'),
('js_datePicker_monthNamesShort_8', 'en', 'Aug'),
('js_datePicker_monthNamesShort_9', 'en', 'Sep'),
('js_datePicker_monthNamesShort_10', 'en', 'Oct'),
('js_datePicker_monthNamesShort_11', 'en', 'Nov'),
('js_datePicker_monthNamesShort_12', 'en', 'Dec'),
('js_datePicker_monthNames_1', 'en', 'January'),
('js_datePicker_monthNames_2', 'en', 'February'),
('js_datePicker_monthNames_3', 'en', 'March'),
('js_datePicker_monthNames_4', 'en', 'April'),
('js_datePicker_monthNames_5', 'en', 'May'),
('js_datePicker_monthNames_6', 'en', 'June'),
('js_datePicker_monthNames_7', 'en', 'Jule'),
('js_datePicker_monthNames_8', 'en', 'August'),
('js_datePicker_monthNames_9', 'en', 'September'),
('js_datePicker_monthNames_10', 'en', 'October'),
('js_datePicker_monthNames_11', 'en', 'November'),
('js_datePicker_monthNames_12', 'en', 'December'),
('js_buttons_send', 'ua', 'Відправити'),
('js_buttons_send', 'en', 'Send'),
('errors_dirNews', 'en', 'Error! Folder for images photo gallery "/upload/news" is not found.'),
('errors_dirNews', 'ru', 'Ошибка! Папка для картинок новостей "/upload/news" не найдена.'),
('errors_dirNews', 'ua', 'Ошибка! Папка для картинок новин "/upload/news" не найдена.'),
('table_image', 'ru', 'Изображение'),
('table_image', 'ua', 'Зображення'),
('adm_leftMenu_tasks', 'en', 'Tasks'),
('adm_leftMenu_tasks', 'ru', 'Задачи'),
('adm_leftMenu_tasks', 'ua', 'Завдання'),
('adm_leftMenu_tasks1', 'en', 'tasks list'),
('adm_leftMenu_tasks1', 'ru', 'список задач'),
('adm_leftMenu_tasks1', 'ua', 'список завдань'),
('adm_leftMenu_tasks2', 'en', 'add task'),
('adm_leftMenu_tasks2', 'ru', 'добавить задачу'),
('adm_leftMenu_tasks2', 'ua', 'додати задачу'),
('form_report', 'en', 'Report:'),
('form_report', 'ru', 'Отчет:'),
('form_report', 'ua', 'Звіт:'),
('titles_tabTasks', 'en', 'Tasks'),
('titles_tabTasks', 'ru', 'Задачи'),
('titles_tabTasks', 'ua', 'Завдання'),
('titles_tabReports', 'en', 'Reports'),
('titles_tabReports', 'ru', 'Отчеты'),
('titles_tabReports', 'ua', 'Звіти'),
('adm_leftMenu_reviews', 'en', 'Comments'),
('adm_leftMenu_reviews', 'ru', 'Комментарии'),
('adm_leftMenu_reviews', 'ua', 'Коментарі'),
('adm_leftMenu_reviews1', 'en', 'comments list'),
('adm_leftMenu_reviews1', 'ru', 'список комментариев'),
('adm_leftMenu_reviews1', 'ua', 'список коментарів'),
('table_message', 'ru', 'Сообщение'),
('table_message', 'ua', 'Повідомлення'),
('adm_leftMenu_comments', 'en', 'Comments'),
('adm_leftMenu_comments', 'ru', 'Комментарии'),
('adm_leftMenu_comments', 'ua', 'Коментарі'),
('adm_leftMenu_comments1', 'en', 'comments list'),
('adm_leftMenu_comments1', 'ru', 'список комментариев'),
('adm_leftMenu_comments1', 'ua', 'список коментарів'),
('table_comment', 'ua', 'Коментар'),
('table_comment', 'en', 'Comment');
[[;;;]]





CREATE TABLE IF NOT EXISTS `modules` (
  `name` varchar(20) NOT NULL,
  `active` tinyint(4) NOT NULL,
  `title` varchar(20) NOT NULL,
  `descr` text NOT NULL,
  PRIMARY KEY (`name`)
) ENGINE=MyISAM DEFAULT CHARSET=utf8;
[[;;;]]





INSERT INTO `modules` (`name`, `active`, `title`, `descr`) VALUES
('engine', 1, 'Ядро', 'Модуль-ядро, изменение настроек сайта; добавление, редактирование, удаление администраторов; редактирование данных суперадминистратора');
[[;;;]]





CREATE TABLE IF NOT EXISTS `mod_engine_titles` (
  `var` varchar(50) NOT NULL,
  `key` varchar(2) NOT NULL,
  `val` varchar(300) NOT NULL,
  PRIMARY KEY (`var`,`key`)
) ENGINE=MyISAM DEFAULT CHARSET=utf8;
[[;;;]]





INSERT INTO `mod_engine_titles` (`var`, `key`, `val`) VALUES
('home', 'ru', 'Добро пожаловать на наш сайт!'),
('home', 'ua', 'Ласкаво просимо на наш сайт!'),
('home', 'en', 'Welcome to our website!'),
('adminsList', 'ua', 'Список адміністраторів'),
('adminsList', 'ru', 'Список администраторов'),
('admHome', 'ru', 'Добро пожаловать в панель администратора!'),
('admHome', 'ua', 'Ласкаво просимо в панель адміністратора!'),
('admHome', 'en', 'Welcome to the admin panel!'),
('errorsAuth', 'ru', 'Ошибка! Неверный логин, или пароль.'),
('errorsAuth', 'ua', 'Помилка! Невірний логін, або пароль.'),
('errorsAuth', 'en', 'Error! Invalid username or password.'),
('errorsAccess', 'ru', 'Ошибка! Доступ в панель администратора для вас закрыт администратором сайта!'),
('errorsAccess', 'ua', 'Помилка! Доступ в панель адміністратора для вас закритий адміністратором сайту!'),
('errorsAccess', 'en', 'Error! Access to the admin panel for you closed by site administrator!'),
('adminsList', 'en', 'List of administrators'),
('adminEdit', 'ru', 'Редактирование администратора'),
('adminEdit', 'ua', 'Редагування адміністратора'),
('adminEdit', 'en', 'Editing administrator'),
('settSite', 'ru', 'Настройки сайта'),
('settSite', 'ua', 'Налаштування сайту'),
('settSite', 'en', 'Site settings'),
('settAdmin', 'ru', 'Настройки администратора'),
('settAdmin', 'ua', 'Нналаштування адміністратора'),
('settAdmin', 'en', 'Administrator settings'),
('settMode', 'ru', 'Режим отображения:'),
('settMode', 'ua', 'Режим відображення:'),
('settMode', 'en', 'Display mode:'),
('settMode1', 'ru', 'Обычный режим'),
('settMode1', 'ua', 'Звичайний режим'),
('settMode1', 'en', 'Common mode'),
('settMode0', 'ru', 'Режим отладки'),
('settMode0', 'ua', 'Режим налагодження'),
('settMode0', 'en', 'Debugging mode '),
('modulesList', 'ru', 'Список модулей'),
('modulesList', 'ua', 'Список модулів'),
('modulesList', 'en', 'Modules list'),
('adm404text', 'ru', 'Ошибка! Запрашиваемая страница не найдена.'),
('adm404text', 'ua', 'Помилка! Запитувана сторінка не знайдена.'),
('adm404text', 'en', 'Error! The requested URL was not found.'),
('adminAuth', 'ru', 'Вход в админку'),
('adminAuth', 'ua', 'Вхід в адмінку'),
('adminAuth', 'en', 'Login in admin panel'),
('langsList', 'ru', 'Список языков'),
('langsList', 'ua', 'Список мов'),
('langsList', 'en', 'Languages list'),
('langEdit', 'ru', 'Редактирование языка'),
('langEdit', 'ua', 'Редагування мови'),
('langEdit', 'en', 'Editing language'),
('titlesList', 'ru', 'Список надписей'),
('titlesList', 'ua', 'Список написів'),
('titlesList', 'en', 'Titles list'),
('titleAdd', 'ru', 'Добавление надписи'),
('titleAdd', 'ua', 'Додавання напису'),
('titleAdd', 'en', 'Adding title'),
('test_test', 'en', 'test e'),
('test_test', 'ru', 'test р'),
('test_test', 'ua', 'test у'),
('utPhpinfo', 'en', 'Utility "PhpInfo"'),
('utPhpinfo', 'ru', 'Утилита "PhpInfo"'),
('utPhpinfo', 'ua', 'Утиліта "PhpInfo"'),
('utDumper', 'en', 'Utility "Dumper"'),
('utDumper', 'ru', 'Утилита "Dumper"'),
('utDumper', 'ua', 'Утиліта "Dumper"'),
('utChmod', 'en', 'Utility "Chmod"'),
('utChmod', 'ru', 'Утилита "Chmod"'),
('utChmod', 'ua', 'Утиліта "Chmod"');
[[;;;]]





CREATE TABLE IF NOT EXISTS `settings` (
  `var` varchar(25) NOT NULL,
  `val` varchar(255) NOT NULL,
  PRIMARY KEY (`var`)
) ENGINE=MyISAM DEFAULT CHARSET=utf8;
[[;;;]]





INSERT INTO `settings` (`var`, `val`) VALUES
('SITE_DOMAIN', ''),
('SITE_URL', ''),
('SITE_TITLE', ''),
('ADMIN_EMAIL', ''),
('ADMIN_PHONE', ''),
('ADMIN_LOGIN', ''),
('ADMIN_PASSWORD', ''),
('ADMIN_FIO', ''),
('SITE_MODE', '1');